,Transaction ID,Transaction
0,Trans1,"Decorative Pillows, Quilts, Embroidered Bedspread "
1,Trans2,"Embroidered Bedspread, Shams, Kids Bedding, Bedding Collections, Bed Skirts, Bedspreads, Sheets "
2,Trans3,"Decorative Pillows, Quilts, Embroidered Bedspread, Shams, Kids Bedding, Bedding Collections "
3,Trans4,"Kids Bedding, Bedding Collections, Sheets, Bedspreads, Bed Skirts "
4,Trans5,"Decorative Pillows, Kids Bedding, Bedding Collections, Sheets, Bed Skirts, Bedspreads "
5,Trans6,"Bedding Collections, Bedspreads, Bed Skirts, Sheets, Shams, Kids Bedding "
6,Trans7,"Decorative Pillows, Quilts "
7,Trans8,"Decorative Pillows, Quilts, Embroidered Bedspread "
8,Trans9,"Bedspreads, Bed Skirts, Shams, Kids Bedding, Sheets "
9,Trans10,"Quilts, Embroidered Bedspread, Bedding Collections "
10,Trans11,"Bedding Collections, Bedspreads, Bed Skirts, Kids Bedding, Shams, Sheets "
11,Trans12,"Decorative Pillows, Quilts "
12,Trans13,"Embroidered Bedspread, Shams "
13,Trans14,"Sheets, Shams, Bed Skirts, Kids Bedding "
14,Trans15,"Decorative Pillows, Quilts "
15,Trans16,"Decorative Pillows, Kids Bedding, Bed Skirts, Shams "
16,Trans17,"Decorative Pillows, Shams, Bed Skirts "
17,Trans18,"Quilts, Sheets, Kids Bedding "
18,Trans19,"Shams, Bed Skirts, Kids Bedding, Sheets "
19,Trans20,"Decorative Pillows, Bedspreads, Shams, Sheets, Bed Skirts, Kids Bedding "
